e,80770dcc-0178-314e-a2b8-bc5feae8717e
player2,6765ad15-4e42-364e-a116-3ca7a7433d08
raphtalia07,3c5b8ad2-5387-3655-afcf-5c5a19fd7902
rapols,5101f2b7-5392-339f-b27b-e2533892eb6c
tester,dd823a0c-b94a-369f-acd6-ddd287e3180e
admin,36881d51-7477-3eb6-91a1-dfc11065590d
ravxony,ee7446e4-cef4-3723-aa6a-58f494514116
cenvix,8fe377cd-c29f-3c26-a88a-e3a58015cb60
boazcstrike,facf911e-a196-33a0-9889-58d056fb3aa4
r,d8d5dd94-370b-387c-9693-c26cc1e63858
ezek,e77130d6-bea7-37e8-b5a7-db63c77f7ee0
ez,ad02ccfe-e4f7-38b2-868b-0f2726ed4059
ezk,a4485a00-c3a1-33dd-a198-7252f690c649
